{
  "neon|skin1": {
    "name": "Skin 1",
    "theme_id": "neon",
    "root_skin_id": "skin1",
    "options": {
      "zoom_window_height": "300",
      "email_2": "",
      "select_category_text": {
        "ar": "Category",
        "en": "Category"
      },
      "button_hover_background": "#212121",
      "social_icon_bg": "#DDDDDD",
      "heading_font": {
        "font_family": "Roboto",
        "text_style_transform": "uppercase"
      },
      "body_link_hover_color": "#3B78E7",
      "phone_1": "(102) 3456 789",
      "social_icon_color": "#aaaaaa",
      "topbar_dropdown_text_color": "#666666",
      "custom_block_content": "<div>This is a Demo Online Store. No orders shall be fulfilled.</div><div>neon is a Design-Driven Shop Theme for WooCommerce and WordPress. If you’re planning to start an online store right away, look no further, get this theme on ThemeForest .</div><div>This product page demonstrates a “Simple Product“.</div>",
      "bottom_text_color": "#999999",
      "information_title": {
        "en": "About Us",
        "ar": "About Us"
      },
      "header_search_border_color": "#eee",
      "topbar_link_hover_color": "#FFF",
      "heading_color": "#111",
      "topbar_text_color": "#FFF",
      "menu_item_bg_color": "#3B78E7",
      "kuler_slides_buttons_bg_color": "#1f1f1f",
      "body_font": {
        "font_family": "Roboto"
      },
      "topbar_dropdown_hover_background_color": "#3B78E7",
      "home_icon_type": "text",
      "display_product_mode": "grid",
      "skype_1": "14 Tottenham Court Road, London, England.",
      "bottom_link_hover_color": "#2C6CF1",
      "information_content": {
        "ar": "<span style=\"line-height: 20.7999992370605px;\">Lorem ipsum dolor sit amet, consectetur adipisicing elit. Ab aut dignissimos ea est, impedit incidunt, laboriosam maxime molestias numquam odio officiis, possimus quo rem repellendus sapiente tenetur voluptas. A, expedita?</span>",
        "en": "<img src=\"image/catalog/logo_neon.png\" alt=\"Neon\">\n<br />\n<br>\n<p>Lorem ipsum dolor site amet consectet elitos et pellentesque convallis</p>"
      },
      "product_cart_hover_bg_color": "#3b78e7",
      "image_zoom_type": "outer_cloud",
      "topbar_link_color": "#FFF",
      "body_container_bg_color": "#F7F7F7",
      "social_icon_hover_bg": "#3271ED",
      "icon_style": "icon",
      "category_menu_type": "accordion",
      "product_name_color": "#1F1F1F",
      "layout_style": "full_width",
      "body_link_color": "#25282C",
      "mobile_2": "",
      "mobile_1": "",
      "product_cart_bg_color": "#3B78E7",
      "custom_tab_2_content": {
        "en": "At vero eos et accusamus et iusto odio dignissimos ducimus qui blanditiis praesentium voluptatum deleniti atque corrupti quos dolores et quas molestias excepturi sint occaecati cupiditate non provident, similique sunt in culpa qui officia deserunt mollitia animi, id est laborum et dolorum fuga. Et harum quidem rerum facilis est et expedita distinctio. Nam libero tempore, cum soluta nobis est eligendi optio cumque nihil impedit quo minus id quod maxime placeat facere possimus, omnis voluptas assumenda est, omnis dolor repellendus. Temporibus autem quibusdam et aut officiis debitis aut rerum necessitatibus saepe eveniet ut et voluptates repudiandae sint et molestiae non recusandae. Itaque earum rerum hic tenetur a sapiente delectus, ut aut reiciendis voluptatibus maiores alias consequatur aut perferendis doloribus asperiores repellat",
        "ar": "At vero eos et accusamus et iusto odio dignissimos ducimus qui blanditiis praesentium voluptatum deleniti atque corrupti quos dolores et quas molestias excepturi sint occaecati cupiditate non provident, similique sunt in culpa qui officia deserunt mollitia animi, id est laborum et dolorum fuga. Et harum quidem rerum facilis est et expedita distinctio. Nam libero tempore, cum soluta nobis est eligendi optio cumque nihil impedit quo minus id quod maxime placeat facere possimus, omnis voluptas assumenda est, omnis dolor repellendus. Temporibus autem quibusdam et aut officiis debitis aut rerum necessitatibus saepe eveniet ut et voluptates repudiandae sint et molestiae non recusandae. Itaque earum rerum hic tenetur a sapiente delectus, ut aut reiciendis voluptatibus maiores alias consequatur aut perferendis doloribus asperiores repellat"
      },
      "menu_bg_color": "#fff",
      "topbar_border_color": "#EEEEEE",
      "powered_background_color": "#fff",
      "menu_item_hover_color": "#FFF",
      "bottom_background_color": "#fff",
      "bottom_border_color": "#eee",
      "header_link_color": "#999",
      "product_old_price_color": "#AAAAAA",
      "product_buttons_bg_hover_color": "#6DBD00",
      "bottom_link_color": "#999999",
      "product_cart_hover_color": "#fff",
      "product_sale_text_color": "#fff",
      "product_buttons_hover_color": "#FFF",
      "social_icon_hover_color": "#fff",
      "product_cart_color": "#fff",
      "header_search_bg_color": "#fff",
      "custom_information": {
        "en": ""
      },
      "product_buttons_bg_color": "#CCC",
      "topbar_background_color": "#3B78E7",
      "kuler_slides_buttons_bg_hover_color": "#34477A",
      "email_1": "info@thememove.com",
      "menu_item_color": "#25292C",
      "product_buttons_color": "#888",
      "button_hover_color": "#111",
      "button_bg_color": "",
      "lens_zoom_shape": "basic",
      "icon_size": "24px",
      "maximum_width": "1170px",
      "product_image_width": "100",
      "select_manufacturer_text": {
        "ar": "Manufacturer",
        "en": "Manufacturer"
      },
      "button_bg_hover_color": "",
      "custom_tab_1_content": {
        "en": "At vero eos et accusamus et iusto odio dignissimos ducimus qui blanditiis praesentium voluptatum deleniti atque corrupti quos dolores et quas molestias excepturi sint occaecati cupiditate non provident, similique sunt in culpa qui officia deserunt mollitia animi, id est laborum et dolorum fuga. Et harum quidem rerum facilis est et expedita distinctio. Nam libero tempore, cum soluta nobis est eligendi optio cumque nihil impedit quo minus id quod maxime placeat facere possimus, omnis voluptas assumenda est, omnis dolor repellendus. Temporibus autem quibusdam et aut officiis debitis aut rerum necessitatibus saepe eveniet ut et voluptates repudiandae sint et molestiae non recusandae. Itaque earum rerum hic tenetur a sapiente delectus, ut aut reiciendis voluptatibus maiores alias consequatur aut perferendis doloribus asperiores repellat",
        "ar": "At vero eos et accusamus et iusto odio dignissimos ducimus qui blanditiis praesentium voluptatum deleniti atque corrupti quos dolores et quas molestias excepturi sint occaecati cupiditate non provident, similique sunt in culpa qui officia deserunt mollitia animi, id est laborum et dolorum fuga. Et harum quidem rerum facilis est et expedita distinctio. Nam libero tempore, cum soluta nobis est eligendi optio cumque nihil impedit quo minus id quod maxime placeat facere possimus, omnis voluptas assumenda est, omnis dolor repellendus. Temporibus autem quibusdam et aut officiis debitis aut rerum necessitatibus saepe eveniet ut et voluptates repudiandae sint et molestiae non recusandae. Itaque earum rerum hic tenetur a sapiente delectus, ut aut reiciendis voluptatibus maiores alias consequatur aut perferendis doloribus asperiores repellat"
      },
      "payment_icons": [
        {
          "image": "catalog/demo/neon/payment_icons/visa.png",
          "name": {
            "ar": "Visa",
            "en": "Visa"
          },
          "link": "",
          "sort": "1",
          "new_tab": "true",
          "$$hashKey": "03N"
        },
        {
          "image": "catalog/demo/neon/payment_icons/paypal.png",
          "link": "",
          "sort": "2",
          "new_tab": "true",
          "$$hashKey": "03U",
          "name": {
            "ar": "Paypal",
            "en": "Paypal"
          }
        },
        {
          "image": "catalog/demo/neon/payment_icons/2co.png",
          "link": "",
          "sort": "3",
          "new_tab": "true",
          "$$hashKey": "041",
          "name": {
            "ar": "2CO",
            "en": "2CO"
          }
        },
        {
          "image": "catalog/demo/neon/payment_icons/amex.png",
          "name": {
            "ar": "Amex",
            "en": "Amex"
          },
          "link": "",
          "sort": "4",
          "new_tab": "true",
          "$$hashKey": "object:157"
        },
        {
          "image": "catalog/demo/neon/payment_icons/skrill.png",
          "name": {
            "ar": "Skrill",
            "en": "Skrill"
          },
          "link": "",
          "sort": "5",
          "new_tab": "true",
          "$$hashKey": "object:165"
        },
        {
          "image": "catalog/demo/neon/payment_icons/wallet.png",
          "name": {
            "ar": "Google",
            "en": "Google"
          },
          "link": "",
          "sort": "6",
          "new_tab": "true",
          "$$hashKey": "object:173"
        },
        {
          "image": "catalog/demo/neon/payment_icons/western.png",
          "name": {
            "ar": "Western Union",
            "en": "Western Union"
          },
          "link": "",
          "sort": "",
          "new_tab": "true",
          "$$hashKey": "object:180"
        }
      ],
      "heading_color_sidebar": "#111",
      "box_heading_color": "#fff",
      "topbar_dropdown_text_hover_color": "#fff",
      "body_text_color": "#25282C",
      "header_cart_color": "#DDD",
      "product_new_price_color": "#FF4B47",
      "bottom_heading_color": "#111",
      "zoom_window_width": "300",
      "menu_font": {
        "font_family": "Roboto"
      },
      "custom_tab_1_title": {
        "en": "Custom Tab 1",
        "ar": "Custom Tab 1"
      },
      "custom_copyright": {
        "en": ""
      },
      "custom_tab_2_title": {
        "en": "Custom Tab 2",
        "ar": "Custom Tab 2"
      },
      "product_image_height": "100",
      "related_products_style": "grid",
      "button_background_color": "#34477A",
      "powered_text_color": "#999",
      "product_price_color": "#3271EC",
      "button_color": "#fff",
      "product_sale_color": "#FF4D4D",
      "header_price_cart_color": "#111",
      "primary_color": "#3B78E7",
      "header_background_color": "#FFF",
      "search_result_limit": "2",
      "powered_link_hover_color": "#999999",
      "powered_link_color": "#999999",
      "button_select_list": "false",
      "custom_js_status": "false",
      "custom_css_status": "false",
      "custom_css_file_status": "false",
      "show_payment_icons": "true",
      "show_custom_copyright": "false",
      "newsletter_button_text": {
        "ar": "Subscribe",
        "en": "Subscribe"
      },
      "newsletter_success_message": {
        "ar": "Thank You!",
        "en": "Thank You!"
      },
      "newsletter_input_text": {
        "ar": "Your email address...",
        "en": "Your email address..."
      },
      "newsletter_title": {
        "ar": "Newsletter",
        "en": "Newsletter"
      },
      "newsletter_description_text": {
        "ar": "",
        "en": ""
      },
      "show_newsletter_title": "true",
      "show_newsletter": "true",
      "social_icon_rss": "false",
      "social_icon_instagram": "true",
      "social_icon_pinterest": "true",
      "social_icon_youtube": "true",
      "social_icon_google_plus": "true",
      "social_icon_twitter": "true",
      "social_icon_facebook": "true",
      "show_social_icons_title": "false",
      "show_social_icons": "true",
      "twitter_transparent_background": "false",
      "show_twitter_footer": "false",
      "show_twitter_header": "false",
      "show_twitter_title": "false",
      "show_twitter": "false",
      "show_facebook_posts": "false",
      "show_facebook_friend_faces": "false",
      "show_facebook_title": "false",
      "show_facebook": "false",
      "show_contact": "true",
      "show_contact_title": "false",
      "show_information_title": "false",
      "show_information": "true",
      "scroll_up_text": {
        "ar": "Up",
        "en": "Up"
      },
      "enable_scroll_up": "true",
      "enable_swap_image": "true",
      "show_sale_badge": "true",
      "view_button_text": {
        "ar": "Quick View",
        "en": "Quick View"
      },
      "show_quick_view": "true",
      "show_custom_notification": "false",
      "login_popup": "true",
      "enable_one_page_checkout": "true",
      "show_google_map": "false",
      "show_custom_information": "false",
      "show_custom_tab_2": "true",
      "show_custom_tab_1": "true",
      "show_related_products": "true",
      "show_custom_block": "true",
      "image_lightbox": "true",
      "default_sharing": "true",
      "show_number_quantity": "true",
      "show_tax": "false",
      "show_save_percent": "false",
      "show_brand_logo": "false",
      "sub_categories_image_carousel": "false",
      "sub_category_image": "false",
      "hide_category_image": "false",
      "show_compare_button": "false",
      "show_wish_list_button": "false",
      "show_add_to_cart_button": "false",
      "show_product_rating": "false",
      "show_product_price": "false",
      "show_product_description": "true",
      "show_product_image": "true",
      "show_product_name": "true",
      "search_in_product_description": "false",
      "search_in_specific_manufacturer": "false",
      "search_in_specific_category": "true",
      "live_search_status": "true",
      "search_field_text": {
        "ar": "Live Search Products ...",
        "en": "Live Search Products ..."
      },
      "multi_level_default_menu": "false",
      "mobile_menu_title": {
        "ar": "Menu",
        "en": "Menu"
      },
      "fixed_header": "true"
    }
  }
}