{
  "acceptus|skin1": {
    "name": "Skin 1",
    "theme_id": "acceptus",
    "root_skin_id": "skin1",
    "options": {
      "body_container_bg_color": "#fff",
      "body_font": {
        "font_family": "Exo"
      },
      "body_link_color": "#444",
      "body_link_hover_color": "#E65C4D",
      "body_main_color": "#E94B35",
      "body_pattern": "",
      "bottom_background_color": "#252525",
      "bottom_border_color": "",
      "bottom_heading_color": "#FFFFFF",
      "bottom_link_color": "#ccc",
      "bottom_link_hover_border_color": "#666",
      "bottom_link_hover_color": "#ccc",
      "bottom_text_color": "#ccc",
      "brand_logo_height": "25",
      "brand_logo_width": "105",
      "button_background_color": "#EA5E49",
      "button_border_color": "#EA5E49",
      "button_color": "#fff",
      "button_hover_background": "#b84a3e",
      "button_hover_border_color": "#b84a3e",
      "button_hover_color": "#fff",
      "button_select_list": "false",
      "carousel_bg_color": "#fff",
      "carousel_border_color": "#E65C4D",
      "carousel_buttons_bg_color": "#fff",
      "carousel_buttons_bg_hover_color": "#E65C4D",
      "carousel_buttons_border_color": "#ddd",
      "carousel_buttons_border_hover_color": "#E65C4D",
      "carousel_buttons_color": "#ddd",
      "carousel_buttons_hover_color": "#fff",
      "category_menu_type": "accordion",
      "contact_icon_bg": "",
      "contact_icon_color": "#777",
      "contact_icon_hover_bg": "#fff",
      "contact_icon_hover_color": "#777",
      "contact_title": {
        "en": "Contact Us",
        "ar": "اتصل بنا"
      },
      "custom_block_content": "<div><div style=\"font-size: 15.4545450210571px;\"><span style=\"font-weight: bold;\">Custom block</span></div><div style=\"font-size: 15.4545450210571px;\"><br></div><div style=\"font-size: 15.4545450210571px;\">Enthusiastically harness open-source opportunities before focused internal or \"organic\" sources. Proactively grow impactful synergy before sticky synergy. Completely leverage other's 24/7 infomediaries through clicks-and-mortar leadership skills. Professionally enable intermandated e-markets with revolutionary functionalities. Completely provide access to goal-oriented expertise without stand-alone alignments.</div></div><p><br></p>",
      "custom_css": "",
      "custom_css_file": "",
      "custom_css_file_status": "false",
      "custom_css_status": "false",
      "custom_information": {
        "en": "<p><span style=\"font-size: 15.4545450210571px; font-weight: bold;\">Custom Information</span></p><p><span style=\"font-size: 15.4545450210571px;\">You can your custom information</span></p>",
        "ar": "<p><span style=\"font-size: 15.4545450210571px; font-weight: bold;\">Custom Information</span></p><p><span style=\"font-size: 15.4545450210571px;\">You can your custom information</span></p>"
      },
      "custom_js_status": "false",
      "custom_tab_1_content": {
        "en": "Dolor sit amet, consectetuer adipiscing elit, sed diam nonummy nibh euismod tincidunt ut laoreet dolore magna aliquam erat volutpat. Ut wisi enim ad minim veniam, quis nostrud exerci tation ullamcorper suscipit lobortis nisl ut aliquip ex ea commodo consequat. Duis autem vel eum iriure dolor in hendrerit in vulputate velit esse molestie consequat, vel illum dolore eu feugiat nulla facilisis at vero eros et accumsan et iusto odio dignissim qui blandit praesent luptatum zzril delenit augue duis dolore te feugait nulla facilisi. Nam liber tempor cum soluta nobis eleifend option congue nihil imperdiet doming id quod mazim placerat facer possim assum.",
        "ar": "Dolor sit amet, consectetuer adipiscing elit, sed diam nonummy nibh euismod tincidunt ut laoreet dolore magna aliquam erat volutpat. Ut wisi enim ad minim veniam, quis nostrud exerci tation ullamcorper suscipit lobortis nisl ut aliquip ex ea commodo consequat. Duis autem vel eum iriure dolor in hendrerit in vulputate velit esse molestie consequat, vel illum dolore eu feugiat nulla facilisis at vero eros et accumsan et iusto odio dignissim qui blandit praesent luptatum zzril delenit augue duis dolore te feugait nulla facilisi. Nam liber tempor cum soluta nobis eleifend option congue nihil imperdiet doming id quod mazim placerat facer possim assum."
      },
      "custom_tab_1_title": {
        "en": "Custom Tab 1"
      },
      "custom_tab_2_content": {
        "en": "Duis autem vel eum iriure dolor in hendrerit in vulputate velit esse molestie consequat, vel illum dolore eu feugiat nulla facilisis at vero eros et accumsan et iusto odio dignissim qui blandit praesent luptatum zzril delenit augue duis dolore te feugait nulla facilisi. Nam liber tempor cum soluta nobis eleifend option congue nihil imperdiet doming id quod mazim placerat facer possim assum.",
        "ar": "Dolor sit amet, consectetuer adipiscing elit, sed diam nonummy nibh euismod tincidunt ut laoreet dolore magna aliquam erat volutpat. Ut wisi enim ad minim veniam, quis nostrud exerci tation ullamcorper suscipit lobortis nisl ut aliquip ex ea commodo consequat. Duis autem vel eum iriure dolor in hendrerit in vulputate velit esse molestie consequat, vel illum dolore eu feugiat nulla facilisis at vero eros et accumsan et iusto odio dignissim qui blandit praesent luptatum zzril delenit augue duis dolore te feugait nulla facilisi. Nam liber tempor cum soluta nobis eleifend option congue nihil imperdiet doming id quod mazim placerat facer possim assum."
      },
      "custom_tab_2_title": {
        "en": "Custom Tab 2",
        "ar": "Custom Tab 2"
      },
      "default_sharing": "true",
      "display_product_mode": "list",
      "email_1": "info@thememove.com",
      "email_2": "",
      "enable_one_page_checkout": "false",
      "enable_scroll_up": "true",
      "enable_swap_image": "true",
      "extra_background_color": "",
      "extra_background_hover_color": "",
      "extra_border_color": "#666",
      "extra_border_hover_color": "#fff",
      "extra_link_color": "#aaa",
      "extra_link_hover_color": "#E65C4D",
      "extra_text_color": "#aaa",
      "extra_text_hover_color": "#E65C4D",
      "fax_1": "",
      "fixed_header": "false",
      "footer_background_color": "#222",
      "footer_border_color": "",
      "footer_bottom_background_color": "#A63737",
      "footer_bottom_heading_color": "#fff",
      "footer_bottom_link_color": "#fff",
      "footer_heading_color": "#ccc",
      "footer_link_color": "#777",
      "footer_link_hover_color": "#fff",
      "footer_text_color": "#777",
      "footer_text_hover_color": "#fff",
      "footer_top_background_color": "#fff",
      "footer_top_heading_color": "#666",
      "footer_top_link_color": "",
      "footer_top_text_color": "#555",
      "header_background_color": "#fff",
      "header_mini_cart_bg_color": "#fff",
      "header_mini_cart_border_color": "#ccc",
      "header_mini_cart_button_bg_color": "#E65C4D",
      "header_mini_cart_button_hover_bg_color": "#b84a3e",
      "header_mini_cart_button_text_color": "#fff",
      "header_mini_cart_color": "#444",
      "header_mini_cart_header_bg_color": "#fff",
      "header_mini_cart_header_border_color": "#ddd",
      "header_mini_cart_header_color": "#777",
      "header_mini_cart_header_hover_bg_color": "#E55A4C",
      "header_mini_cart_header_hover_border_color": "#E55A4C",
      "header_mini_cart_header_hover_text_color": "#fff",
      "header_mini_cart_icon_bg_color": "",
      "header_mini_cart_icon_color": "#252525",
      "header_search_bg_color": "#fff",
      "header_search_border_color": "#ddd",
      "header_search_color": "#777",
      "heading_color": "#111",
      "heading_font": {
        "font_family": "Exo"
      },
      "hide_category_image": "false",
      "home_icon_type": "text",
      "icon_style": "icon",
      "image_lightbox": "true",
      "image_zoom_type": "outer_cloud",
      "information_content": {
        "ar": "<p><img src=\"image/catalog/demo/acceptus/cp/acceptus-logo.png\"><br></p>\n\n\n<p>Lorem ipsum dolor site amet consectet elitos et pellentesque convallis</p>",
        "en": "<p><img src=\"image/catalog/demo/acceptus/cp/acceptus-logo.png\"><br></p>\n\n\n\n<p>Lorem ipsum dolor site amet consectet elitos et pellentesque convallis</p>"
      },
      "information_title": {
        "en": "About us",
        "ar": "معلومات عنا"
      },
      "kuler_slides_buttons_bg_color": "#fff",
      "kuler_slides_buttons_bg_hover_color": "#252525",
      "kuler_slides_buttons_boder_color": "#666",
      "kuler_slides_buttons_boder_hover_color": "#252525",
      "kuler_slides_buttons_color": "#252525",
      "kuler_slides_buttons_hover_color": "#fff",
      "latitude": "-33.867487",
      "layout_style": "full_width",
      "lens_zoom_shape": "rounded",
      "live_search_status": "true",
      "login_popup": "true",
      "longitude": "151.206990",
      "map_type": "ROADMAP",
      "maximum_width": "1170px",
      "menu_bg_color": "#E65C4D",
      "menu_border_color": "rgba(255,255,255,0.19)",
      "menu_font": {
        "font_family": "Exo",
        "font_size": "17px"
      },
      "menu_item_border_color": "",
      "menu_item_color": "#fff",
      "menu_item_hover_bg_color": "#B84A3E",
      "menu_item_hover_border_color": "#666",
      "menu_item_hover_color": "#fff",
      "menu_sub_item_color": "#888",
      "menu_sub_item_hover_color": "#252525",
      "mobile_1": "",
      "mobile_2": "",
      "mobile_menu_title": {
        "en": "Menu",
        "ar": "قائمة الطعام"
      },
      "more_details_button_text": {
        "en": "Detail",
        "ar": "التفاصيل"
      },
      "multi_level_default_menu": "true",
      "newsletter_bg_color": "#E65C4D",
      "newsletter_button_bg_color": "#E65C4D",
      "newsletter_button_border_color": "#fff",
      "newsletter_button_color": "#fff",
      "newsletter_button_hover_bg_color": "",
      "newsletter_button_hover_border_color": "",
      "newsletter_button_hover_color": "#fff",
      "newsletter_button_text": {
        "en": "Subscribe",
        "ar": "الاشتراك"
      },
      "newsletter_color1": "#fff",
      "newsletter_color2": "#FFBFBF",
      "newsletter_description_text": {
        "en": "Newsletter<br/><span class=\"newsletter__small-description\">Register your email for latest news</span>",
        "ar": "النشرة الإخبارية<br/><span class=\"newsletter__small-description\">سجل بريدك الإلكتروني لأحدث الأخبار</span>"
      },
      "newsletter_input_bg_color": "#fff",
      "newsletter_input_border_color": "#fff",
      "newsletter_input_color": "#9999",
      "newsletter_input_focus_border_color": "#fff",
      "newsletter_input_focus_color": "#999",
      "newsletter_input_text": {
        "en": "Enter your email address",
        "ar": "أدخل عنوان بريدك الإلكتروني"
      },
      "newsletter_success_message": {
        "en": "Thank you",
        "ar": "شكرا"
      },
      "newsletter_title": {
        "en": "Newsletter",
        "ar": "النشرة الإخبارية"
      },
      "notification_show_time": "1000",
      "payment_icons": [
        {
          "image": "catalog/demo/acceptus/payment_icons/master.png",
          "name": {
            "en": "Master Card",
            "ar": "Master Card"
          },
          "link": "#",
          "sort": "",
          "new_tab": "true",
          "$$hashKey": "036"
        },
        {
          "image": "catalog/demo/acceptus/payment_icons/amex.png",
          "name": {
            "en": "Amex",
            "ar": "Amex"
          },
          "link": "#",
          "sort": "",
          "new_tab": "true",
          "$$hashKey": "03I"
        },
        {
          "image": "catalog/demo/acceptus/payment_icons/visa.png",
          "name": {
            "en": "Visa",
            "ar": "Visa"
          },
          "link": "#",
          "sort": "",
          "new_tab": "true",
          "$$hashKey": "03M"
        },
        {
          "image": "catalog/demo/acceptus/payment_icons/paypal.png",
          "name": {
            "en": "PayPal",
            "ar": "PayPal"
          },
          "link": "#",
          "sort": "",
          "new_tab": "true",
          "$$hashKey": "03V"
        }
      ],
      "phone_1": "(102) 3456 789",
      "phone_2": "",
      "powered_background_color": "#222",
      "powered_border_color": "#333",
      "powered_link_color": "#777",
      "powered_link_hover_color": "#E65C4D",
      "powered_text_color": "#777",
      "product_buttons_bg_color": "#252525",
      "product_buttons_bg_hover_color": "#444",
      "product_buttons_color": "#fff",
      "product_buttons_hover_color": "#ffffff",
      "product_cart_bg_color": "#e55b4c",
      "product_cart_border_color": "",
      "product_cart_color": "#fff",
      "product_cart_hover_bg_color": "",
      "product_cart_hover_border_color": "",
      "product_cart_hover_color": "#fff",
      "product_description_limit": "98",
      "product_detail_button_bg_color": "#252525",
      "product_detail_button_bg_hover_color": "#444",
      "product_detail_button_color": "#fff",
      "product_detail_button_hover_color": "#ffffff",
      "product_image_height": "80",
      "product_image_width": "80",
      "product_name_color": "#545454",
      "product_old_price_color": "#666",
      "product_price_badge_bg_color": "#E65C4D",
      "product_price_badge_color": "#fff",
      "product_price_color": "#E65C4D",
      "product_quickview_border_color": "#e55b4c",
      "product_quickview_color": "#e55b4c",
      "product_quickview_hover_bg_color": "#e55b4c",
      "product_quickview_hover_color": "#fff",
      "product_sale_color": "#FF9999",
      "product_sale_text_color": "#AE4E42",
      "product_wishlist_button_color": "#878787",
      "product_wishlist_button_hover_color": "#E55B4C",
      "related_products_style": "grid",
      "save_text": {
        "ar": "بعيدا",
        "en": "Off"
      },
      "scroll_up_text": {
        "en": "Go to top",
        "ar": "العودة إلى أعلى"
      },
      "search_field_text": {
        "en": "Let’s Search...",
        "ar": "دعونا بحث"
      },
      "search_in_product_description": "false",
      "search_in_specific_category": "true",
      "search_in_specific_manufacturer": "false",
      "search_result_limit": "5",
      "select_category_text": {
        "ar": "Category",
        "en": "Category"
      },
      "select_manufacturer_text": {
        "ar": "Manufacture",
        "en": "Manufacture"
      },
      "show_add_to_cart_button": "true",
      "show_brand_logo": "false",
      "show_compare_button": "true",
      "show_contact": "true",
      "show_contact_title": "true",
      "show_custom_block": "true",
      "show_custom_copyright": "false",
      "show_custom_information": "true",
      "show_custom_notification": "true",
      "show_custom_tab_1": "true",
      "show_custom_tab_2": "true",
      "show_facebook": "false",
      "show_facebook_friend_faces": "false",
      "show_facebook_posts": "false",
      "show_facebook_title": "false",
      "show_google_map": "true",
      "show_information": "true",
      "show_information_title": "true",
      "show_newsletter": "true",
      "show_newsletter_title": "false",
      "show_number_quantity": "true",
      "show_payment_icons": "true",
      "show_product_description": "true",
      "show_product_image": "true",
      "show_product_name": "true",
      "show_product_price": "true",
      "show_product_rating": "true",
      "show_quick_view": "true",
      "show_related_products": "true",
      "show_sale_badge": "true",
      "show_save_percent": "false",
      "show_social_icons": "true",
      "show_social_icons_title": "false",
      "show_tax": "true",
      "show_twitter": "false",
      "show_twitter_footer": "false",
      "show_twitter_header": "false",
      "show_twitter_title": "false",
      "show_wish_list_button": "true",
      "skype_1": "14 Tottenham Court Road, London, England.",
      "skype_2": "",
      "social_border_color": "",
      "social_border_hover_color": "",
      "social_icon_bg": "",
      "social_icon_color": "#777",
      "social_icon_facebook": "true",
      "social_icon_facebook_link": "#",
      "social_icon_google_plus": "true",
      "social_icon_google_plus_link": "#",
      "social_icon_hover_bg": "#B84A3E",
      "social_icon_hover_color": "#fff",
      "social_icon_instagram": "false",
      "social_icon_instagram_link": "#",
      "social_icon_pinterest": "true",
      "social_icon_pinterest_link": "#",
      "social_icon_rss": "true",
      "social_icon_rss_link": "#",
      "social_icon_twitter": "true",
      "social_icon_twitter_link": "#",
      "social_icon_youtube": "false",
      "social_icon_youtube_link": "#",
      "social_newsletter_bg_color": "#fff",
      "social_newsletter_color": "#555",
      "sub_categories_image_carousel": "true",
      "sub_category_image": "true",
      "sub_category_image_size": "80",
      "sub_footer_background_color": "#333",
      "topbar_background_color": "#EEEEEE",
      "topbar_border_color": "#eee",
      "topbar_link_color": "#aaa",
      "topbar_link_hover_color": "#E65C4D",
      "topbar_text_color": "#777777",
      "twitter_transparent_background": "false",
      "view_button_text": {
        "en": "Quick View",
        "ar": "عرض سريع"
      },
      "zoom_window_height": "300",
      "zoom_window_width": "300"
    }
  }
}